filepath,country,year,survey,filename,HIV_pos,HIV_neg,Prevalence,include
D:\EricChow\DHS_live\Afghanistan\Standard DHS 2015\af70_flattened.dta,Afghanistan,2015,Standard DHS 2015,af70_flattened.dta,,,,
D:\EricChow\DHS_live\Albania\Standard DHS 2008-09\al50_flattened.dta,Albania,2008,Standard DHS 2008-09,al50_flattened.dta,,,,
D:\EricChow\DHS_live\Angola\MIS 2006-07\ao51_flattened.dta,Angola,2006,MIS 2006-07,ao51_flattened.dta,,,,
D:\EricChow\DHS_live\Angola\MIS 2011\ao62_flattened.dta,Angola,2011,MIS 2011,ao62_flattened.dta,,,,
D:\EricChow\DHS_live\Angola\Standard DHS 2015-16\ao71_flattened.dta,Angola,2015,Standard DHS 2015-16,ao71_flattened.dta,271,11989,0.022104405,1
D:\EricChow\DHS_live\Armenia\Standard DHS 2000\am42_flattened.dta,Armenia,2000,Standard DHS 2000,am42_flattened.dta,,,,
D:\EricChow\DHS_live\Armenia\Standard DHS 2005\am54_flattened.dta,Armenia,2005,Standard DHS 2005,am54_flattened.dta,,,,
D:\EricChow\DHS_live\Armenia\Standard DHS 2010\am61_flattened.dta,Armenia,2010,Standard DHS 2010,am61_flattened.dta,,,,
D:\EricChow\DHS_live\Armenia\Standard DHS 2015-16\am71_flattened.dta,Armenia,2015,Standard DHS 2015-16,am71_flattened.dta,,,,
D:\EricChow\DHS_live\Azerbaijan\Standard DHS 2006\az52_flattened.dta,Azerbaijan,2006,Standard DHS 2006,az52_flattened.dta,,,,
D:\EricChow\DHS_live\Bangladesh\Standard DHS 1993-94\bd31_flattened.dta,Bangladesh,1993,Standard DHS 1993-94,bd31_flattened.dta,,,,
D:\EricChow\DHS_live\Bangladesh\Standard DHS 1996-97\bd3a_flattened.dta,Bangladesh,1996,Standard DHS 1996-97,bd3a_flattened.dta,,,,
D:\EricChow\DHS_live\Bangladesh\Standard DHS 1999-00\bd41_flattened.dta,Bangladesh,1999,Standard DHS 1999-00,bd41_flattened.dta,,,,
D:\EricChow\DHS_live\Bangladesh\Standard DHS 2004\bd4j_flattened.dta,Bangladesh,2004,Standard DHS 2004,bd4j_flattened.dta,,,,
D:\EricChow\DHS_live\Bangladesh\Standard DHS 2007\bd51_flattened.dta,Bangladesh,2007,Standard DHS 2007,bd51_flattened.dta,,,,
D:\EricChow\DHS_live\Bangladesh\Standard DHS 2011\bd61_flattened.dta,Bangladesh,2011,Standard DHS 2011,bd61_flattened.dta,,,,
D:\EricChow\DHS_live\Bangladesh\Standard DHS 2014\bd72_flattened.dta,Bangladesh,2014,Standard DHS 2014,bd72_flattened.dta,,,,
D:\EricChow\DHS_live\Benin\Standard DHS 1996\bj31_flattened.dta,Benin,1996,Standard DHS 1996,bj31_flattened.dta,,,,
D:\EricChow\DHS_live\Benin\Standard DHS 2001\bj41_flattened.dta,Benin,2001,Standard DHS 2001,bj41_flattened.dta,,,,
D:\EricChow\DHS_live\Benin\Standard DHS 2006\bj51_flattened.dta,Benin,2006,Standard DHS 2006,bj51_flattened.dta,,,,
D:\EricChow\DHS_live\Benin\Standard DHS 2011-12\bj61_flattened.dta,Benin,2011,Standard DHS 2011-12,bj61_flattened.dta,,,,
D:\EricChow\DHS_live\Bolivia\Standard DHS 1989\bo01_flattened.dta,Bolivia,1989,Standard DHS 1989,bo01_flattened.dta,,,,
D:\EricChow\DHS_live\Bolivia\Standard DHS 1998\bo3b_flattened.dta,Bolivia,1998,Standard DHS 1998,bo3b_flattened.dta,,,,
D:\EricChow\DHS_live\Bolivia\Standard DHS 2003\bo41_flattened.dta,Bolivia,2003,Standard DHS 2003,bo41_flattened.dta,,,,
D:\EricChow\DHS_live\Bolivia\Standard DHS 2008\bo51_flattened.dta,Bolivia,2008,Standard DHS 2008,bo51_flattened.dta,,,,
D:\EricChow\DHS_live\Brazil\Standard DHS 1986\br01_flattened.dta,Brazil,1986,Standard DHS 1986,br01_flattened.dta,,,,
D:\EricChow\DHS_live\Brazil\Standard DHS 1996\br31_flattened.dta,Brazil,1996,Standard DHS 1996,br31_flattened.dta,,,,
D:\EricChow\DHS_live\Burkina Faso\MIS 2014\bf70_flattened.dta,Burkina Faso,2014,MIS 2014,bf70_flattened.dta,,,,
D:\EricChow\DHS_live\Burkina Faso\Standard DHS 1993\bf21_flattened.dta,Burkina Faso,1993,Standard DHS 1993,bf21_flattened.dta,,,,
D:\EricChow\DHS_live\Burkina Faso\Standard DHS 1998-99\bf31_flattened.dta,Burkina Faso,1998,Standard DHS 1998-99,bf31_flattened.dta,,,,
D:\EricChow\DHS_live\Burkina Faso\Standard DHS 2003\bf41_flattened.dta,Burkina Faso,2003,Standard DHS 2003,bf41_flattened.dta,129,7637,0.016610868,1
D:\EricChow\DHS_live\Burkina Faso\Standard DHS 2010\bf61_flattened.dta,Burkina Faso,2010,Standard DHS 2010,bf61_flattened.dta,166,15502,0.010594843,1
D:\EricChow\DHS_live\Burundi\MIS 2012\bu6h_flattened.dta,Burundi,2012,MIS 2012,bu6h_flattened.dta,,,,
D:\EricChow\DHS_live\Burundi\Standard DHS 1987\bu02_flattened.dta,Burundi,1987,Standard DHS 1987,bu02_flattened.dta,,,,
D:\EricChow\DHS_live\Burundi\Standard DHS 2010\bu61_flattened.dta,Burundi,2010,Standard DHS 2010,bu61_flattened.dta,167,8623,0.018998862,1
D:\EricChow\DHS_live\Cambodia\Standard DHS 2000\kh42_flattened.dta,Cambodia,2000,Standard DHS 2000,kh42_flattened.dta,,,,
D:\EricChow\DHS_live\Cambodia\Standard DHS 2005\kh51_flattened.dta,Cambodia,2005,Standard DHS 2005,kh51_flattened.dta,87,15315,0.005648617,1
D:\EricChow\DHS_live\Cambodia\Standard DHS 2010\kh61_flattened.dta,Cambodia,2010,Standard DHS 2010,kh61_flattened.dta,,,,
D:\EricChow\DHS_live\Cambodia\Standard DHS 2014\kh73_flattened.dta,Cambodia,2014,Standard DHS 2014,kh73_flattened.dta,,,,
D:\EricChow\DHS_live\Cameroon\Standard DHS 1991\cm22_flattened.dta,Cameroon,1991,Standard DHS 1991,cm22_flattened.dta,,,,
D:\EricChow\DHS_live\Cameroon\Standard DHS 1998\cm31_flattened.dta,Cameroon,1998,Standard DHS 1998,cm31_flattened.dta,,,,
D:\EricChow\DHS_live\Cameroon\Standard DHS 2004\cm42_flattened.dta,Cameroon,2004,Standard DHS 2004,cm42_flattened.dta,565,9783,0.054599923,1
D:\EricChow\DHS_live\Cameroon\Standard DHS 2011\cm61_flattened.dta,Cameroon,2011,Standard DHS 2011,cm61_flattened.dta,668,13996,0.045553737,1
D:\EricChow\DHS_live\Central African Republic\Standard DHS 1994-95\cf31_flattened.dta,Central African Republic,1994,Standard DHS 1994-95,cf31_flattened.dta,,,,
D:\EricChow\DHS_live\Chad\Standard DHS 1996-97\td31_flattened.dta,Chad,1996,Standard DHS 1996-97,td31_flattened.dta,,,,
D:\EricChow\DHS_live\Chad\Standard DHS 2004\td41_flattened.dta,Chad,2004,Standard DHS 2004,td41_flattened.dta,,,,
D:\EricChow\DHS_live\Chad\Standard DHS 2014-15\td71_flattened.dta,Chad,2014,Standard DHS 2014-15,td71_flattened.dta,172,10862,0.015588182,1
D:\EricChow\DHS_live\Colombia\Standard DHS 1986\co01_flattened.dta,Colombia,1986,Standard DHS 1986,co01_flattened.dta,,,,
D:\EricChow\DHS_live\Colombia\Standard DHS 1990\co22_flattened.dta,Colombia,1990,Standard DHS 1990,co22_flattened.dta,,,,
D:\EricChow\DHS_live\Colombia\Standard DHS 1995\co31_flattened.dta,Colombia,1995,Standard DHS 1995,co31_flattened.dta,,,,
D:\EricChow\DHS_live\Colombia\Standard DHS 2000\co41_flattened.dta,Colombia,2000,Standard DHS 2000,co41_flattened.dta,,,,
D:\EricChow\DHS_live\Colombia\Standard DHS 2005\co53_flattened.dta,Colombia,2005,Standard DHS 2005,co53_flattened.dta,,,,
D:\EricChow\DHS_live\Colombia\Standard DHS 2010\co61_flattened.dta,Colombia,2010,Standard DHS 2010,co61_flattened.dta,,,,
D:\EricChow\DHS_live\Colombia\Standard DHS 2015\co71_flattened.dta,Colombia,2015,Standard DHS 2015,co71_flattened.dta,,,,
D:\EricChow\DHS_live\Comoros\Standard DHS 1996\km32_flattened.dta,Comoros,1996,Standard DHS 1996,km32_flattened.dta,,,,
D:\EricChow\DHS_live\Comoros\Standard DHS 2012\km61_flattened.dta,Comoros,2012,Standard DHS 2012,km61_flattened.dta,,,,
D:\EricChow\DHS_live\Congo\Standard AIS 2009\cg5h_flattened.dta,Congo,2009,Standard AIS 2009,cg5h_flattened.dta,379,12003,0.030608948,1
D:\EricChow\DHS_live\Congo\Standard DHS 2005\cg51_flattened.dta,Congo,2005,Standard DHS 2005,cg51_flattened.dta,,,,
D:\EricChow\DHS_live\Congo\Standard DHS 2011-12\cg60_flattened.dta,Congo,2011,Standard DHS 2011-12,cg60_flattened.dta,,,,
D:\EricChow\DHS_live\Congo Democratic Republic\Standard DHS 2007\cd50_flattened.dta,Congo Democratic Republic,2007,Standard DHS 2007,cd50_flattened.dta,130,9143,0.014019196,1
D:\EricChow\DHS_live\Congo Democratic Republic\Standard DHS 2013-14\cd61_flattened.dta,Congo Democratic Republic,2013,Standard DHS 2013-14,cd61_flattened.dta,183,18074,0.010023553,1
D:\EricChow\DHS_live\Cote d'Ivoire\Standard AIS 2005\ci50_flattened.dta,Cote d'Ivoire,2005,Standard AIS 2005,ci50_flattened.dta,363,8193,0.042426367,1
D:\EricChow\DHS_live\Cote d'Ivoire\Standard DHS 1994\ci35_flattened.dta,Cote d'Ivoire,1994,Standard DHS 1994,ci35_flattened.dta,,,,
D:\EricChow\DHS_live\Cote d'Ivoire\Standard DHS 1998-99\ci3a_flattened.dta,Cote d'Ivoire,1998,Standard DHS 1998-99,ci3a_flattened.dta,,,,
D:\EricChow\DHS_live\Cote d'Ivoire\Standard DHS 2011-12\ci61_flattened.dta,Cote d'Ivoire,2011,Standard DHS 2011-12,ci61_flattened.dta,358,9156,0.037628758,1
D:\EricChow\DHS_live\Dominican Republic\Special DHS 2007\dr5a_flattened.dta,Dominican Republic,2007,Special DHS 2007,dr5a_flattened.dta,117,3223,0.03502994,1
D:\EricChow\DHS_live\Dominican Republic\Special DHS 2013\dr6a_flattened.dta,Dominican Republic,2013,Special DHS 2013,dr6a_flattened.dta,89,3709,0.023433386,1
D:\EricChow\DHS_live\Dominican Republic\Standard DHS 1986\dr01_flattened.dta,Dominican Republic,1986,Standard DHS 1986,dr01_flattened.dta,,,,
D:\EricChow\DHS_live\Dominican Republic\Standard DHS 1996\dr32_flattened.dta,Dominican Republic,1996,Standard DHS 1996,dr32_flattened.dta,,,,
D:\EricChow\DHS_live\Dominican Republic\Standard DHS 1999\dr41_flattened.dta,Dominican Republic,1999,Standard DHS 1999,dr41_flattened.dta,,,,
D:\EricChow\DHS_live\Dominican Republic\Standard DHS 2002\dr4a_flattened.dta,Dominican Republic,2002,Standard DHS 2002,dr4a_flattened.dta,,,,
D:\EricChow\DHS_live\Dominican Republic\Standard DHS 2007\dr51_flattened.dta,Dominican Republic,2007,Standard DHS 2007,dr51_flattened.dta,459,51979,0.008753194,1
D:\EricChow\DHS_live\Dominican Republic\Standard DHS 2013\dr61_flattened.dta,Dominican Republic,2013,Standard DHS 2013,dr61_flattened.dta,200,18893,0.010475043,1
D:\EricChow\DHS_live\Ecuador\Standard DHS 1987\ec01_flattened.dta,Ecuador,1987,Standard DHS 1987,ec01_flattened.dta,,,,
D:\EricChow\DHS_live\Egypt\Interim DHS 2003\eg4a_flattened.dta,Egypt,2003,Interim DHS 2003,eg4a_flattened.dta,,,,
D:\EricChow\DHS_live\Egypt\Standard DHS 1988\eg01_flattened.dta,Egypt,1988,Standard DHS 1988,eg01_flattened.dta,,,,
D:\EricChow\DHS_live\Egypt\Standard DHS 1992\eg21_flattened.dta,Egypt,1992,Standard DHS 1992,eg21_flattened.dta,,,,
D:\EricChow\DHS_live\Egypt\Standard DHS 1995\eg33_flattened.dta,Egypt,1995,Standard DHS 1995,eg33_flattened.dta,,,,
D:\EricChow\DHS_live\Egypt\Standard DHS 2000\eg42_flattened.dta,Egypt,2000,Standard DHS 2000,eg42_flattened.dta,,,,
D:\EricChow\DHS_live\Egypt\Standard DHS 2005\eg51_flattened.dta,Egypt,2005,Standard DHS 2005,eg51_flattened.dta,,,,
D:\EricChow\DHS_live\Egypt\Standard DHS 2008\eg5a_flattened.dta,Egypt,2008,Standard DHS 2008,eg5a_flattened.dta,,,,
D:\EricChow\DHS_live\Egypt\Standard DHS 2014\eg61_flattened.dta,Egypt,2014,Standard DHS 2014,eg61_flattened.dta,,,,
D:\EricChow\DHS_live\El Salvador\Standard DHS 1985\es01_flattened.dta,El Salvador,1985,Standard DHS 1985,es01_flattened.dta,,,,
D:\EricChow\DHS_live\Ethiopia\Standard DHS 2000\et41_flattened.dta,Ethiopia,2000,Standard DHS 2000,et41_flattened.dta,,,,
D:\EricChow\DHS_live\Ethiopia\Standard DHS 2005\et51_flattened.dta,Ethiopia,2005,Standard DHS 2005,et51_flattened.dta,219,11163,0.019240907,1
D:\EricChow\DHS_live\Ethiopia\Standard DHS 2011\et61_flattened.dta,Ethiopia,2011,Standard DHS 2011,et61_flattened.dta,568,29215,0.019071282,1
D:\EricChow\DHS_live\Ethiopia\Standard DHS 2016\et71_flattened.dta,Ethiopia,2016,Standard DHS 2016,et71_flattened.dta,408,26339,0.015254047,1
D:\EricChow\DHS_live\Gabon\Standard DHS 2000\ga41_flattened.dta,Gabon,2000,Standard DHS 2000,ga41_flattened.dta,,,,
D:\EricChow\DHS_live\Gabon\Standard DHS 2012\ga60_flattened.dta,Gabon,2012,Standard DHS 2012,ga60_flattened.dta,502,10762,0.044566761,1
D:\EricChow\DHS_live\Gambia\Standard DHS 2013\gm60_flattened.dta,Gambia,2013,Standard DHS 2013,gm60_flattened.dta,142,7961,0.017524374,1
D:\EricChow\DHS_live\Ghana\MIS 2016\gh7a_flattened.dta,Ghana,2016,MIS 2016,gh7a_flattened.dta,,,,
D:\EricChow\DHS_live\Ghana\Standard DHS 1988\gh02_flattened.dta,Ghana,1988,Standard DHS 1988,gh02_flattened.dta,,,,
D:\EricChow\DHS_live\Ghana\Standard DHS 1993\gh31_flattened.dta,Ghana,1993,Standard DHS 1993,gh31_flattened.dta,,,,
D:\EricChow\DHS_live\Ghana\Standard DHS 1998\gh41_flattened.dta,Ghana,1998,Standard DHS 1998,gh41_flattened.dta,,,,
D:\EricChow\DHS_live\Ghana\Standard DHS 2003\gh4a_flattened.dta,Ghana,2003,Standard DHS 2003,gh4a_flattened.dta,182,9552,0.018697349,1
D:\EricChow\DHS_live\Ghana\Standard DHS 2008\gh5a_flattened.dta,Ghana,2008,Standard DHS 2008,gh5a_flattened.dta,,,,
D:\EricChow\DHS_live\Ghana\Standard DHS 2014\gh71_flattened.dta,Ghana,2014,Standard DHS 2014,gh71_flattened.dta,169,8892,0.018651363,1
D:\EricChow\DHS_live\Guatemala\Interim DHS 1998-99\gu41_flattened.dta,Guatemala,1998,Interim DHS 1998-99,gu41_flattened.dta,,,,
D:\EricChow\DHS_live\Guatemala\Standard DHS 1987\gu01_flattened.dta,Guatemala,1987,Standard DHS 1987,gu01_flattened.dta,,,,
D:\EricChow\DHS_live\Guatemala\Standard DHS 1995\gu34_flattened.dta,Guatemala,1995,Standard DHS 1995,gu34_flattened.dta,,,,
D:\EricChow\DHS_live\Guatemala\Standard DHS 2014-15\gu71_flattened.dta,Guatemala,2014,Standard DHS 2014-15,gu71_flattened.dta,,,,
D:\EricChow\DHS_live\Guinea\Standard DHS 1999\gn41_flattened.dta,Guinea,1999,Standard DHS 1999,gn41_flattened.dta,,,,
D:\EricChow\DHS_live\Guinea\Standard DHS 2005\gn51_flattened.dta,Guinea,2005,Standard DHS 2005,gn51_flattened.dta,107,6797,0.015498262,1
D:\EricChow\DHS_live\Guinea\Standard DHS 2012\gn61_flattened.dta,Guinea,2012,Standard DHS 2012,gn61_flattened.dta,165,8338,0.019404916,1
D:\EricChow\DHS_live\Guyana\Standard AIS 2005\gy51_flattened.dta,Guyana,2005,Standard AIS 2005,gy51_flattened.dta,,,,
D:\EricChow\DHS_live\Guyana\Standard DHS 2009\gy5i_flattened.dta,Guyana,2009,Standard DHS 2009,gy5i_flattened.dta,,,,
D:\EricChow\DHS_live\Haiti\Standard DHS 1994-95\ht31_flattened.dta,Haiti,1994,Standard DHS 1994-95,ht31_flattened.dta,,,,
D:\EricChow\DHS_live\Haiti\Standard DHS 2000\ht42_flattened.dta,Haiti,2000,Standard DHS 2000,ht42_flattened.dta,,,,
D:\EricChow\DHS_live\Haiti\Standard DHS 2005-06\ht51_flattened.dta,Haiti,2005,Standard DHS 2005-06,ht51_flattened.dta,232,9998,0.022678397,1
D:\EricChow\DHS_live\Haiti\Standard DHS 2012\ht61_flattened.dta,Haiti,2012,Standard DHS 2012,ht61_flattened.dta,440,18413,0.023338461,1
D:\EricChow\DHS_live\Honduras\Standard DHS 2011-12\hn62_flattened.dta,Honduras,2011,Standard DHS 2011-12,hn62_flattened.dta,440,18413,0.023338461,1
D:\EricChow\DHS_live\India\Standard DHS 1992-93\ia23_flattened.dta,India,1992,Standard DHS 1992-93,ia23_flattened.dta,,,,
D:\EricChow\DHS_live\India\Standard DHS 1998-99\ap42_flattened.dta,India,1998,Standard DHS 1998-99,ap42_flattened.dta,,,,
D:\EricChow\DHS_live\Indonesia\Standard DHS 1987\id01_flattened.dta,Indonesia,1987,Standard DHS 1987,id01_flattened.dta,,,,
D:\EricChow\DHS_live\Indonesia\Standard DHS 1991\id21_flattened.dta,Indonesia,1991,Standard DHS 1991,id21_flattened.dta,,,,
D:\EricChow\DHS_live\Indonesia\Standard DHS 1994\id31_flattened.dta,Indonesia,1994,Standard DHS 1994,id31_flattened.dta,,,,
D:\EricChow\DHS_live\Indonesia\Standard DHS 1997\id3a_flattened.dta,Indonesia,1997,Standard DHS 1997,id3a_flattened.dta,,,,
D:\EricChow\DHS_live\Indonesia\Standard DHS 2002-03\id42_flattened.dta,Indonesia,2002,Standard DHS 2002-03,id42_flattened.dta,,,,
D:\EricChow\DHS_live\Indonesia\Standard DHS 2007\id51_flattened.dta,Indonesia,2007,Standard DHS 2007,id51_flattened.dta,,,,
D:\EricChow\DHS_live\Indonesia\Standard DHS 2012\id63_flattened.dta,Indonesia,2012,Standard DHS 2012,id63_flattened.dta,,,,
D:\EricChow\DHS_live\Jordan\Interim DHS 2009\jo61_flattened.dta,Jordan,2009,Interim DHS 2009,jo61_flattened.dta,,,,
D:\EricChow\DHS_live\Jordan\Standard DHS 1990\jo21_flattened.dta,Jordan,1990,Standard DHS 1990,jo21_flattened.dta,,,,
D:\EricChow\DHS_live\Jordan\Standard DHS 1997\jo31_flattened.dta,Jordan,1997,Standard DHS 1997,jo31_flattened.dta,,,,
D:\EricChow\DHS_live\Jordan\Standard DHS 2002\jo42_flattened.dta,Jordan,2002,Standard DHS 2002,jo42_flattened.dta,,,,
D:\EricChow\DHS_live\Jordan\Standard DHS 2007\jo51_flattened.dta,Jordan,2007,Standard DHS 2007,jo51_flattened.dta,,,,
D:\EricChow\DHS_live\Jordan\Standard DHS 2012\jo6c_flattened.dta,Jordan,2012,Standard DHS 2012,jo6c_flattened.dta,,,,
D:\EricChow\DHS_live\Kazakhstan\Standard DHS 1995\kk31_flattened.dta,Kazakhstan,1995,Standard DHS 1995,kk31_flattened.dta,,,,
D:\EricChow\DHS_live\Kazakhstan\Standard DHS 1999\kk42_flattened.dta,Kazakhstan,1999,Standard DHS 1999,kk42_flattened.dta,,,,
D:\EricChow\DHS_live\Kenya\MIS 2015\ke7h_flattened.dta,Kenya,2015,MIS 2015,ke7h_flattened.dta,,,,
D:\EricChow\DHS_live\Kenya\Standard DHS 1989\ke03_flattened.dta,Kenya,1989,Standard DHS 1989,ke03_flattened.dta,,,,
D:\EricChow\DHS_live\Kenya\Standard DHS 1993\ke33_flattened.dta,Kenya,1993,Standard DHS 1993,ke33_flattened.dta,,,,
D:\EricChow\DHS_live\Kenya\Standard DHS 1998\ke3a_flattened.dta,Kenya,1998,Standard DHS 1998,ke3a_flattened.dta,,,,
D:\EricChow\DHS_live\Kenya\Standard DHS 2003\ke42_flattened.dta,Kenya,2003,Standard DHS 2003,ke42_flattened.dta,422,5936,0.066373073,1
D:\EricChow\DHS_live\Kenya\Standard DHS 2008-09\ke51_flattened.dta,Kenya,2008,Standard DHS 2008-09,ke51_flattened.dta,480,6521,0.068561634,1
D:\EricChow\DHS_live\Kenya\Standard DHS 2014\ke71_flattened.dta,Kenya,2014,Standard DHS 2014,ke71_flattened.dta,,,,
D:\EricChow\DHS_live\Kyrgyz Republic\Standard DHS 1997\ky31_flattened.dta,Kyrgyz Republic,1997,Standard DHS 1997,ky31_flattened.dta,,,,
D:\EricChow\DHS_live\Kyrgyz Republic\Standard DHS 2012\ky61_flattened.dta,Kyrgyz Republic,2012,Standard DHS 2012,ky61_flattened.dta,,,,
D:\EricChow\DHS_live\Lesotho\Standard DHS 2004\ls41_flattened.dta,Lesotho,2004,Standard DHS 2004,ls41_flattened.dta,1231,4133,0.229492916,1
D:\EricChow\DHS_live\Lesotho\Standard DHS 2009\ls61_flattened.dta,Lesotho,2009,Standard DHS 2009,ls61_flattened.dta,1575,5524,0.221862234,1
D:\EricChow\DHS_live\Lesotho\Standard DHS 2014\ls72_flattened.dta,Lesotho,2014,Standard DHS 2014,ls72_flattened.dta,1502,4765,0.239668103,1
D:\EricChow\DHS_live\Liberia\MIS 2009\lb5a_flattened.dta,Liberia,2009,MIS 2009,lb5a_flattened.dta,,,,
D:\EricChow\DHS_live\Liberia\MIS 2011\lb61_flattened.dta,Liberia,2011,MIS 2011,lb61_flattened.dta,,,,
D:\EricChow\DHS_live\Liberia\MIS 2016\lb70_flattened.dta,Liberia,2016,MIS 2016,lb70_flattened.dta,,,,
D:\EricChow\DHS_live\Liberia\Standard DHS 1986\lb01_flattened.dta,Liberia,1986,Standard DHS 1986,lb01_flattened.dta,,,,
D:\EricChow\DHS_live\Liberia\Standard DHS 2007\lb51_flattened.dta,Liberia,2007,Standard DHS 2007,lb51_flattened.dta,197,11746,0.016495018,1
D:\EricChow\DHS_live\Liberia\Standard DHS 2013\lb6a_flattened.dta,Liberia,2013,Standard DHS 2013,lb6a_flattened.dta,123,8296,0.014609811,1
D:\EricChow\DHS_live\Madagascar\MIS 2011\md61_flattened.dta,Madagascar,2011,MIS 2011,md61_flattened.dta,,,,
D:\EricChow\DHS_live\Madagascar\MIS 2013\md6h_flattened.dta,Madagascar,2013,MIS 2013,md6h_flattened.dta,,,,
D:\EricChow\DHS_live\Madagascar\MIS 2016\md71_flattened.dta,Madagascar,2016,MIS 2016,md71_flattened.dta,,,,
D:\EricChow\DHS_live\Madagascar\Standard DHS 1992\md21_flattened.dta,Madagascar,1992,Standard DHS 1992,md21_flattened.dta,,,,
D:\EricChow\DHS_live\Madagascar\Standard DHS 1997\md31_flattened.dta,Madagascar,1997,Standard DHS 1997,md31_flattened.dta,,,,
D:\EricChow\DHS_live\Madagascar\Standard DHS 2003-04\md42_flattened.dta,Madagascar,2003,Standard DHS 2003-04,md42_flattened.dta,,,,
D:\EricChow\DHS_live\Madagascar\Standard DHS 2008-09\md51_flattened.dta,Madagascar,2008,Standard DHS 2008-09,md51_flattened.dta,,,,
D:\EricChow\DHS_live\Malawi\MIS 2012\mw6h_flattened.dta,Malawi,2012,MIS 2012,mw6h_flattened.dta,,,,
D:\EricChow\DHS_live\Malawi\MIS 2014\mw71_flattened.dta,Malawi,2014,MIS 2014,mw71_flattened.dta,,,,
D:\EricChow\DHS_live\Malawi\Standard DHS 1992\mw22_flattened.dta,Malawi,1992,Standard DHS 1992,mw22_flattened.dta,,,,
D:\EricChow\DHS_live\Malawi\Standard DHS 2000\mw41_flattened.dta,Malawi,2000,Standard DHS 2000,mw41_flattened.dta,,,,
D:\EricChow\DHS_live\Malawi\Standard DHS 2004\mw4a_flattened.dta,Malawi,2004,Standard DHS 2004,mw4a_flattened.dta,672,4685,0.125443345,1
D:\EricChow\DHS_live\Malawi\Standard DHS 2010\mw61_flattened.dta,Malawi,2010,Standard DHS 2010,mw61_flattened.dta,1467,12935,0.101860853,1
D:\EricChow\DHS_live\Malawi\Standard DHS 2015-16\mw7a_flattened.dta,Malawi,2015,Standard DHS 2015-16,mw7a_flattened.dta,1375,13275,0.093856655,1
D:\EricChow\DHS_live\Maldives\Standard DHS 2009\mv52_flattened.dta,Maldives,2009,Standard DHS 2009,mv52_flattened.dta,,,,
D:\EricChow\DHS_live\Mali\MIS 2015\ml70_flattened.dta,Mali,2015,MIS 2015,ml70_flattened.dta,,,,
D:\EricChow\DHS_live\Mali\Special 2010\ml60_flattened.dta,Mali,2010,Special 2010,ml60_flattened.dta,,,,
D:\EricChow\DHS_live\Mali\Standard DHS 1987\ml01_flattened.dta,Mali,1987,Standard DHS 1987,ml01_flattened.dta,,,,
D:\EricChow\DHS_live\Mali\Standard DHS 1995-96\ml32_flattened.dta,Mali,1995,Standard DHS 1995-96,ml32_flattened.dta,,,,
D:\EricChow\DHS_live\Mali\Standard DHS 2001\ml41_flattened.dta,Mali,2001,Standard DHS 2001,ml41_flattened.dta,,,,
D:\EricChow\DHS_live\Mali\Standard DHS 2006\ml51_flattened.dta,Mali,2006,Standard DHS 2006,ml51_flattened.dta,99,8848,0.011065162,1
D:\EricChow\DHS_live\Mali\Standard DHS 2012-13\ml6a_flattened.dta,Mali,2012,Standard DHS 2012-13,ml6a_flattened.dta,100,8931,0.011072971,1
D:\EricChow\DHS_live\Mexico\Standard DHS 1987\mx01_flattened.dta,Mexico,1987,Standard DHS 1987,mx01_flattened.dta,,,,
D:\EricChow\DHS_live\Moldova\Standard DHS 2005\mb53_flattened.dta,Moldova,2005,Standard DHS 2005,mb53_flattened.dta,,,,
D:\EricChow\DHS_live\Morocco\Standard DHS 1987\ma01_flattened.dta,Morocco,1987,Standard DHS 1987,ma01_flattened.dta,,,,
D:\EricChow\DHS_live\Morocco\Standard DHS 1992\ma21_flattened.dta,Morocco,1992,Standard DHS 1992,ma21_flattened.dta,,,,
D:\EricChow\DHS_live\Morocco\Standard DHS 2003-04\ma43_flattened.dta,Morocco,2003,Standard DHS 2003-04,ma43_flattened.dta,,,,
D:\EricChow\DHS_live\Mozambique\Standard AIS 2009\mz51_flattened.dta,Mozambique,2009,Standard AIS 2009,mz51_flattened.dta,1466,15510,0.08635721,1
D:\EricChow\DHS_live\Mozambique\Standard DHS 1997\mz31_flattened.dta,Mozambique,1997,Standard DHS 1997,mz31_flattened.dta,,,,
D:\EricChow\DHS_live\Mozambique\Standard DHS 2003\mz41_flattened.dta,Mozambique,2003,Standard DHS 2003,mz41_flattened.dta,,,,
D:\EricChow\DHS_live\Mozambique\Standard DHS 2011\mz62_flattened.dta,Mozambique,2011,Standard DHS 2011,mz62_flattened.dta,,,,
D:\EricChow\DHS_live\Myanmar\Standard DHS 2015-16\mm71_flattened.dta,Myanmar,2015,Standard DHS 2015-16,mm71_flattened.dta,,,,
D:\EricChow\DHS_live\Namibia\Standard DHS 1992\nm21_flattened.dta,Namibia,1992,Standard DHS 1992,nm21_flattened.dta,,,,
D:\EricChow\DHS_live\Namibia\Standard DHS 2000\nm41_flattened.dta,Namibia,2000,Standard DHS 2000,nm41_flattened.dta,,,,
D:\EricChow\DHS_live\Namibia\Standard DHS 2006-07\nm51_flattened.dta,Namibia,2006,Standard DHS 2006-07,nm51_flattened.dta,,,,
D:\EricChow\DHS_live\Namibia\Standard DHS 2013\nm61_flattened.dta,Namibia,2013,Standard DHS 2013,nm61_flattened.dta,1297,8012,0.139327532,1
D:\EricChow\DHS_live\Nepal\Standard DHS 1996\np31_flattened.dta,Nepal,1996,Standard DHS 1996,np31_flattened.dta,,,,
D:\EricChow\DHS_live\Nepal\Standard DHS 2001\np41_flattened.dta,Nepal,2001,Standard DHS 2001,np41_flattened.dta,,,,
D:\EricChow\DHS_live\Nepal\Standard DHS 2006\np51_flattened.dta,Nepal,2006,Standard DHS 2006,np51_flattened.dta,,,,
D:\EricChow\DHS_live\Nepal\Standard DHS 2011\np60_flattened.dta,Nepal,2011,Standard DHS 2011,np60_flattened.dta,,,,
D:\EricChow\DHS_live\Nepal\Standard DHS 2016\np7h_flattened.dta,Nepal,2016,Standard DHS 2016,np7h_flattened.dta,,,,
D:\EricChow\DHS_live\Nicaragua\Standard DHS 1998\nc31_flattened.dta,Nicaragua,1998,Standard DHS 1998,nc31_flattened.dta,,,,
D:\EricChow\DHS_live\Nicaragua\Standard DHS 2001\nc41_flattened.dta,Nicaragua,2001,Standard DHS 2001,nc41_flattened.dta,,,,
D:\EricChow\DHS_live\Niger\Standard DHS 1992\ni22_flattened.dta,Niger,1992,Standard DHS 1992,ni22_flattened.dta,,,,
D:\EricChow\DHS_live\Niger\Standard DHS 1998\ni31_flattened.dta,Niger,1998,Standard DHS 1998,ni31_flattened.dta,,,,
D:\EricChow\DHS_live\Niger\Standard DHS 2006\ni51_flattened.dta,Niger,2006,Standard DHS 2006,ni51_flattened.dta,70,7827,0.008864126,1
D:\EricChow\DHS_live\Niger\Standard DHS 2012\ni61_flattened.dta,Niger,2012,Standard DHS 2012,ni61_flattened.dta,45,8756,0.005113055,1
D:\EricChow\DHS_live\Nigeria\MIS 2010\ng61_flattened.dta,Nigeria,2010,MIS 2010,ng61_flattened.dta,,,,
D:\EricChow\DHS_live\Nigeria\MIS 2015\ng71_flattened.dta,Nigeria,2015,MIS 2015,ng71_flattened.dta,,,,
D:\EricChow\DHS_live\Nigeria\Standard DHS 2003\ng4b_flattened.dta,Nigeria,2003,Standard DHS 2003,ng4b_flattened.dta,,,,
D:\EricChow\DHS_live\Nigeria\Standard DHS 2008\ng53_flattened.dta,Nigeria,2008,Standard DHS 2008,ng53_flattened.dta,,,,
D:\EricChow\DHS_live\Nigeria\Standard DHS 2013\ng6a_flattened.dta,Nigeria,2013,Standard DHS 2013,ng6a_flattened.dta,,,,
D:\EricChow\DHS_live\Nigeria (Ondo State)\Nigeria (Ondo State)Special DHS 1986\os01_flattened.dta,Nigeria (Ondo State),1986,Nigeria (Ondo State)Special DHS 1986,os01_flattened.dta,,,,
D:\EricChow\DHS_live\Pakistan\Standard DHS 1990-91\pk21_flattened.dta,Pakistan,1990,Standard DHS 1990-91,pk21_flattened.dta,,,,
D:\EricChow\DHS_live\Pakistan\Standard DHS 2006-07\pk52_flattened.dta,Pakistan,2006,Standard DHS 2006-07,pk52_flattened.dta,,,,
D:\EricChow\DHS_live\Pakistan\Standard DHS 2012-13\pk61_flattened.dta,Pakistan,2012,Standard DHS 2012-13,pk61_flattened.dta,,,,
D:\EricChow\DHS_live\Paraguay\Standard DHS 1990\py21_flattened.dta,Paraguay,1990,Standard DHS 1990,py21_flattened.dta,,,,
D:\EricChow\DHS_live\Peru\Continuous DHS 2004-06\pe51_flattened.dta,Peru,2004,Continuous DHS 2004-06,pe51_flattened.dta,,,,
D:\EricChow\DHS_live\Peru\Continuous DHS 2007-08\pe51_flattened.dta,Peru,2007,Continuous DHS 2007-08,pe51_flattened.dta,,,,
D:\EricChow\DHS_live\Peru\Continuous DHS 2009\pe5i_flattened.dta,Peru,2009,Continuous DHS 2009,pe5i_flattened.dta,,,,
D:\EricChow\DHS_live\Peru\Continuous DHS 2010\pe61_flattened.dta,Peru,2010,Continuous DHS 2010,pe61_flattened.dta,,,,
D:\EricChow\DHS_live\Peru\Continuous DHS 2011\pe6a_flattened.dta,Peru,2011,Continuous DHS 2011,pe6a_flattened.dta,,,,
D:\EricChow\DHS_live\Peru\Standard DHS 1986\pe01_flattened.dta,Peru,1986,Standard DHS 1986,pe01_flattened.dta,,,,
D:\EricChow\DHS_live\Peru\Standard DHS 1991-92\pe21_flattened.dta,Peru,1991,Standard DHS 1991-92,pe21_flattened.dta,,,,
D:\EricChow\DHS_live\Peru\Standard DHS 2000\pe41_flattened.dta,Peru,2000,Standard DHS 2000,pe41_flattened.dta,,,,
D:\EricChow\DHS_live\Philippines\Standard DHS 1993\ph31_flattened.dta,Philippines,1993,Standard DHS 1993,ph31_flattened.dta,,,,
D:\EricChow\DHS_live\Philippines\Standard DHS 1998\ph3b_flattened.dta,Philippines,1998,Standard DHS 1998,ph3b_flattened.dta,,,,
D:\EricChow\DHS_live\Philippines\Standard DHS 2003\ph41_flattened.dta,Philippines,2003,Standard DHS 2003,ph41_flattened.dta,,,,
D:\EricChow\DHS_live\Philippines\Standard DHS 2008\ph52_flattened.dta,Philippines,2008,Standard DHS 2008,ph52_flattened.dta,,,,
D:\EricChow\DHS_live\Philippines\Standard DHS 2013\ph61_flattened.dta,Philippines,2013,Standard DHS 2013,ph61_flattened.dta,,,,
D:\EricChow\DHS_live\Rwanda\Interim DHS 2007-08\rw5a_flattened.dta,Rwanda,2007,Interim DHS 2007-08,rw5a_flattened.dta,,,,
D:\EricChow\DHS_live\Rwanda\MIS 2013\rw6q_flattened.dta,Rwanda,2013,MIS 2013,rw6q_flattened.dta,,,,
D:\EricChow\DHS_live\Rwanda\Standard DHS 1992\rw21_flattened.dta,Rwanda,1992,Standard DHS 1992,rw21_flattened.dta,,,,
D:\EricChow\DHS_live\Rwanda\Standard DHS 2000\rw41_flattened.dta,Rwanda,2000,Standard DHS 2000,rw41_flattened.dta,,,,
D:\EricChow\DHS_live\Rwanda\Standard DHS 2005\rw51_flattened.dta,Rwanda,2005,Standard DHS 2005,rw51_flattened.dta,349,10243,0.032949396,1
D:\EricChow\DHS_live\Rwanda\Standard DHS 2010\rw61_flattened.dta,Rwanda,2010,Standard DHS 2010,rw61_flattened.dta,429,13093,0.031726076,1
D:\EricChow\DHS_live\Rwanda\Standard DHS 2014-15\rw71_flattened.dta,Rwanda,2014,Standard DHS 2014-15,rw71_flattened.dta,428,16502,0.025280567,1
D:\EricChow\DHS_live\Sao Tome and Principe\Standard DHS 2008-09\st50_flattened.dta,Sao Tome and Principe,2008,Standard DHS 2008-09,st50_flattened.dta,78,4782,0.016049383,1
D:\EricChow\DHS_live\Senegal\Continuous DHS 2012-13\sn6d_flattened.dta,Senegal,2012,Continuous DHS 2012-13,sn6d_flattened.dta,,,,
D:\EricChow\DHS_live\Senegal\Continuous DHS 2014\sn70_flattened.dta,Senegal,2014,Continuous DHS 2014,sn70_flattened.dta,,,,
D:\EricChow\DHS_live\Senegal\Continuous DHS 2015\sn7h_flattened.dta,Senegal,2015,Continuous DHS 2015,sn7h_flattened.dta,,,,
D:\EricChow\DHS_live\Senegal\Continuous DHS 2016\sn7q_flattened.dta,Senegal,2016,Continuous DHS 2016,sn7q_flattened.dta,,,,
D:\EricChow\DHS_live\Senegal\MIS 2006\sn50_flattened.dta,Senegal,2006,MIS 2006,sn50_flattened.dta,,,,
D:\EricChow\DHS_live\Senegal\MIS 2008-09\sn5h_flattened.dta,Senegal,2008,MIS 2008-09,sn5h_flattened.dta,,,,
D:\EricChow\DHS_live\Senegal\Standard DHS 1986\sn02_flattened.dta,Senegal,1986,Standard DHS 1986,sn02_flattened.dta,,,,
D:\EricChow\DHS_live\Senegal\Standard DHS 1992-93\sn21_flattened.dta,Senegal,1992,Standard DHS 1992-93,sn21_flattened.dta,,,,
D:\EricChow\DHS_live\Senegal\Standard DHS 1997\sn32_flattened.dta,Senegal,1997,Standard DHS 1997,sn32_flattened.dta,,,,
D:\EricChow\DHS_live\Senegal\Standard DHS 2005\sn4a_flattened.dta,Senegal,2005,Standard DHS 2005,sn4a_flattened.dta,46,7758,0.005894413,1
D:\EricChow\DHS_live\Senegal\Standard DHS 2010-11\sn61_flattened.dta,Senegal,2010,Standard DHS 2010-11,sn61_flattened.dta,77,10241,0.007462687,1
D:\EricChow\DHS_live\Sierra Leone\MIS 2016\sl71_flattened.dta,Sierra Leone,2016,MIS 2016,sl71_flattened.dta,,,,
D:\EricChow\DHS_live\Sierra Leone\Standard DHS 2008\sl51_flattened.dta,Sierra Leone,2008,Standard DHS 2008,sl51_flattened.dta,101,6613,0.015043193,1
D:\EricChow\DHS_live\Sierra Leone\Standard DHS 2013\sl61_flattened.dta,Sierra Leone,2013,Standard DHS 2013,sl61_flattened.dta,227,14678,0.015229789,1
D:\EricChow\DHS_live\South Africa\Standard DHS 1998\za31_flattened.dta,South Africa,1998,Standard DHS 1998,za31_flattened.dta,,,,
D:\EricChow\DHS_live\Sri Lanka\Standard DHS 1987\lk02_flattened.dta,Sri Lanka,1987,Standard DHS 1987,lk02_flattened.dta,,,,
D:\EricChow\DHS_live\Sudan\Standard DHS 1989-90\sd02_flattened.dta,Sudan,1989,Standard DHS 1989-90,sd02_flattened.dta,,,,
D:\EricChow\DHS_live\Swaziland\Standard DHS 2006-07\sz51_flattened.dta,Swaziland,2006,Standard DHS 2006-07,sz51_flattened.dta,2481,10527,0.190728782,1
D:\EricChow\DHS_live\Tajikistan\Standard DHS 2012\tj61_flattened.dta,Tajikistan,2012,Standard DHS 2012,tj61_flattened.dta,,,,
D:\EricChow\DHS_live\Tanzania\Standard AIS 2003-04\tz4a_flattened.dta,Tanzania,2003,Standard AIS 2003-04,tz4a_flattened.dta,711,10246,0.064890025,1
D:\EricChow\DHS_live\Tanzania\Standard AIS 2007-08\tz51_flattened.dta,Tanzania,2007,Standard AIS 2007-08,tz51_flattened.dta,630,14967,0.040392383,1
D:\EricChow\DHS_live\Tanzania\Standard AIS 2011-12\tz6a_flattened.dta,Tanzania,2011,Standard AIS 2011-12,tz6a_flattened.dta,839,17503,0.045742013,1
D:\EricChow\DHS_live\Tanzania\Standard DHS 1991-92\tz21_flattened.dta,Tanzania,1991,Standard DHS 1991-92,tz21_flattened.dta,,,,
D:\EricChow\DHS_live\Tanzania\Standard DHS 1996\tz3a_flattened.dta,Tanzania,1996,Standard DHS 1996,tz3a_flattened.dta,,,,
D:\EricChow\DHS_live\Tanzania\Standard DHS 1999\tz41_flattened.dta,Tanzania,1999,Standard DHS 1999,tz41_flattened.dta,,,,
D:\EricChow\DHS_live\Tanzania\Standard DHS 2004-05\tz4i_flattened.dta,Tanzania,2004,Standard DHS 2004-05,tz4i_flattened.dta,,,,
D:\EricChow\DHS_live\Tanzania\Standard DHS 2010\tz63_flattened.dta,Tanzania,2010,Standard DHS 2010,tz63_flattened.dta,,,,
D:\EricChow\DHS_live\Tanzania\Standard DHS 2015-16\tz7h_flattened.dta,Tanzania,2015,Standard DHS 2015-16,tz7h_flattened.dta,,,,
D:\EricChow\DHS_live\Thailand\Standard DHS 1987\th01_flattened.dta,Thailand,1987,Standard DHS 1987,th01_flattened.dta,,,,
D:\EricChow\DHS_live\Timor-Leste\Standard DHS 2009-10\tl61_flattened.dta,Timor-Leste,2009,Standard DHS 2009-10,tl61_flattened.dta,,,,
D:\EricChow\DHS_live\Togo\Standard DHS 1988\tg01_flattened.dta,Togo,1988,Standard DHS 1988,tg01_flattened.dta,,,,
D:\EricChow\DHS_live\Togo\Standard DHS 2013-14\tg61_flattened.dta,Togo,2013,Standard DHS 2013-14,tg61_flattened.dta,200,9121,0.021456925,1
D:\EricChow\DHS_live\Trinidad and Tobago\Standard DHS 1987\tt01_flattened.dta,Trinidad and Tobago,1987,Standard DHS 1987,tt01_flattened.dta,,,,
D:\EricChow\DHS_live\Tunisia\Standard DHS 1988\tn02_flattened.dta,Tunisia,1988,Standard DHS 1988,tn02_flattened.dta,,,,
D:\EricChow\DHS_live\Turkey\Standard DHS 1993\tr31_flattened.dta,Turkey,1993,Standard DHS 1993,tr31_flattened.dta,,,,
D:\EricChow\DHS_live\Turkey\Standard DHS 1998\tr41_flattened.dta,Turkey,1998,Standard DHS 1998,tr41_flattened.dta,,,,
D:\EricChow\DHS_live\Turkey\Standard DHS 2003\tr4a_flattened.dta,Turkey,2003,Standard DHS 2003,tr4a_flattened.dta,,,,
D:\EricChow\DHS_live\Uganda\MIS 2009\ug5h_flattened.dta,Uganda,2009,MIS 2009,ug5h_flattened.dta,,,,
D:\EricChow\DHS_live\Uganda\MIS 2014-15\ug72_flattened.dta,Uganda,2014,MIS 2014-15,ug72_flattened.dta,,,,
D:\EricChow\DHS_live\Uganda\Standard AIS 2011\ug6a_flattened.dta,Uganda,2011,Standard AIS 2011,ug6a_flattened.dta,1592,30052,0.050309695,1
D:\EricChow\DHS_live\Uganda\Standard DHS 1988-89\ug01_flattened.dta,Uganda,1988,Standard DHS 1988-89,ug01_flattened.dta,,,,
D:\EricChow\DHS_live\Uganda\Standard DHS 1995\ug33_flattened.dta,Uganda,1995,Standard DHS 1995,ug33_flattened.dta,,,,
D:\EricChow\DHS_live\Uganda\Standard DHS 2000-01\ug41_flattened.dta,Uganda,2000,Standard DHS 2000-01,ug41_flattened.dta,,,,
D:\EricChow\DHS_live\Uganda\Standard DHS 2006\ug52_flattened.dta,Uganda,2006,Standard DHS 2006,ug52_flattened.dta,,,,
D:\EricChow\DHS_live\Uganda\Standard DHS 2011\ug60_flattened.dta,Uganda,2011,Standard DHS 2011,ug60_flattened.dta,,,,
D:\EricChow\DHS_live\Ukraine\Standard DHS 2007\ua51_flattened.dta,Ukraine,2007,Standard DHS 2007,ua51_flattened.dta,,,,
D:\EricChow\DHS_live\Uzbekistan\Standard DHS 1996\uz31_flattened.dta,Uzbekistan,1996,Standard DHS 1996,uz31_flattened.dta,,,,
D:\EricChow\DHS_live\Vietnam\Standard AIS 2005\vn51_flattened.dta,Vietnam,2005,Standard AIS 2005,vn51_flattened.dta,9,1666,0.005373134,1
D:\EricChow\DHS_live\Vietnam\Standard DHS 1997\vn31_flattened.dta,Vietnam,1997,Standard DHS 1997,vn31_flattened.dta,,,,
D:\EricChow\DHS_live\Vietnam\Standard DHS 2002\vn41_flattened.dta,Vietnam,2002,Standard DHS 2002,vn41_flattened.dta,,,,
D:\EricChow\DHS_live\Zambia\Standard DHS 1992\zm21_flattened.dta,Zambia,1992,Standard DHS 1992,zm21_flattened.dta,,,,
D:\EricChow\DHS_live\Zambia\Standard DHS 1996\zm31_flattened.dta,Zambia,1996,Standard DHS 1996,zm31_flattened.dta,,,,
D:\EricChow\DHS_live\Zambia\Standard DHS 2001-02\zm42_flattened.dta,Zambia,2001,Standard DHS 2001-02,zm42_flattened.dta,,,,
D:\EricChow\DHS_live\Zambia\Standard DHS 2007\zm51_flattened.dta,Zambia,2007,Standard DHS 2007,zm51_flattened.dta,1627,9509,0.14610273,1
D:\EricChow\DHS_live\Zambia\Standard DHS 2013-14\zm63_flattened.dta,Zambia,2013,Standard DHS 2013-14,zm63_flattened.dta,4007,25678,0.134983999,1
D:\EricChow\DHS_live\Zimbabwe\Standard DHS 1988\zw01_flattened.dta,Zimbabwe,1988,Standard DHS 1988,zw01_flattened.dta,,,,
D:\EricChow\DHS_live\Zimbabwe\Standard DHS 1994\zw31_flattened.dta,Zimbabwe,1994,Standard DHS 1994,zw31_flattened.dta,,,,
D:\EricChow\DHS_live\Zimbabwe\Standard DHS 1999\zw42_flattened.dta,Zimbabwe,1999,Standard DHS 1999,zw42_flattened.dta,,,,
D:\EricChow\DHS_live\Zimbabwe\Standard DHS 2005-06\zw51_flattened.dta,Zimbabwe,2005,Standard DHS 2005-06,zw51_flattened.dta,2335,10714,0.178940915,1
D:\EricChow\DHS_live\Zimbabwe\Standard DHS 2010-11\zw61_flattened.dta,Zimbabwe,2010,Standard DHS 2010-11,zw61_flattened.dta,2351,11961,0.164267747,1
D:\EricChow\DHS_live\Zimbabwe\Standard DHS 2015\zw71_flattened.dta,Zimbabwe,2015,Standard DHS 2015,zw71_flattened.dta,2783,29329,0.086665421,1